timestamp,traceid,service,rpc_id,um,uminstanceid,rpctype,interface,dm,dminstanceid,rt
24647002,T_17438760632,S_149998854,0.7.1.3361162204,MS_10090,MS_10090_POD_22,mq,ve6BGVUnN2,MS_18330,MS_18330_POD_88,0.0
24647002,T_17438760632,S_36840482,0.7.1.3361162204,MS_10090,MS_10090_POD_22,mq,ve6BGVUnN2,MS_18330,MS_18330_POD_88,0.0
24647002,T_17438760632,S_36840482,0.6.1.3361158188,MS_10090,MS_10090_POD_22,mq,aPZKh-jSVV,MS_18330,MS_18330_POD_145,2.0
24647002,T_17438760632,S_149998854,0.6.1.3361158188,MS_10090,MS_10090_POD_22,mq,aPZKh-jSVV,MS_18330,MS_18330_POD_145,2.0
24637089,T_6468539746,S_149998854,0.7.1.336020454,MS_10090,MS_10090_POD_11,mq,ve6BGVUnN2,MS_18330,MS_18330_POD_291,0.0
24637779,T_17473220970,S_3607671,0.1.1.1.1,MS_10093,MS_10093_POD_0,mq,VumRRMzRWg,MS_9174,MS_9174_POD_14,1.0
25509747,T_432709894,S_11401636,0.1.6.1.1.333447141,MS_10101,MS_10101_POD_6,mq,T0Mh4ZYxmq,MS_64367,MS_64367_POD_12,13.0
24513513,T_2915645384,S_11401636,0.1.6.1.1.33116992,MS_10101,MS_10101_POD_13,mq,T0Mh4ZYxmq,MS_64367,MS_64367_POD_4,13.0
24511593,T_830231522,S_11401636,0.1.6.1.1.333447141,MS_10101,MS_10101_POD_2,mq,T0Mh4ZYxmq,MS_64367,MS_64367_POD_12,13.0
24619929,T_8548625769,S_88913115,0.4.1.333447141.4.4.1.333433228,MS_10101,MS_10101_POD_11,mq,T0Mh4ZYxmq,MS_64367,MS_64367_POD_0,12.0
24560497,T_20337828436,S_49997912,0.4.1.335018616.1.2,MS_10106,MS_10106_POD_16,db,IcEIlvmvbs:TDDL_QUERY,MS_56530,MS_56530_POD_2,1.0
24602994,T_18310571385,S_49997912,0.2.2,MS_10106,MS_10106_POD_4,db,S0QAtG4678:TDDL_QUERY,MS_19162,MS_19162_POD_0,1.0
24603059,T_18310571385,S_49997912,0.3.1.3343189203.1.2,MS_10106,MS_10106_POD_6,db,S0QAtG4678:TDDL_QUERY,MS_19162,MS_19162_POD_0,2.0
24603066,T_18310571385,S_49997912,0.3.1.3350207217.4.2,MS_10106,MS_10106_POD_15,db,ANvtiOGNr4:TDDL_QUERY,MS_56530,MS_56530_POD_7,1.0
24593050,T_762388976,S_49997912,0.2.1.335119750.4.2,MS_10106,MS_10106_POD_3,db,BCaMN_OJjz:TDDL_QUERY,MS_19162,MS_19162_POD_0,1.0
24560499,T_20337828436,S_49997912,0.4.1.335018616.2.2,MS_10106,MS_10106_POD_9,db,ANvtiOGNr4:TDDL_QUERY,MS_56530,MS_56530_POD_2,1.0
24603069,T_18310571385,S_49997912,0.3.1.3350207217.5.2,MS_10106,MS_10106_POD_7,db,ANvtiOGNr4:TDDL_QUERY,MS_56530,MS_56530_POD_7,1.0
24603061,T_18310571385,S_49997912,0.3.1.3350207217.1.2,MS_10106,MS_10106_POD_3,db,IcEIlvmvbs:TDDL_QUERY,MS_56530,MS_56530_POD_7,1.0
24593047,T_762388976,S_49997912,0.2.1.335119750.3.2,MS_10106,MS_10106_POD_7,db,z5yLplqcn7:TDDL_QUERY,MS_26029,MS_26029_POD_0,1.0
21848116,T_1478846553,S_100293104,0.7.3.3.4.1.335021284,MS_10138,MS_10138_POD_10,mq,Y76jTdrVvC,MS_71418,MS_71418_POD_15,7.0
24649625,T_9850574917,S_70965305,0.6.1.334195122.3.1.1.335104175.1,MS_10327,MS_10327_POD_28,mc,ib94HsZbgs,MS_342,MS_342_POD_45,1.0
24547264,T_10054618303,S_70965305,0.6.1.336021954.3.1,MS_10327,MS_10327_POD_11,mq,9fVyV2v7r0,MS_36814,MS_36814_POD_14,1.0
24649705,T_9850574917,S_70965305,0.6.1.334195122.3.1.1.335104175.2,MS_10327,MS_10327_POD_28,mc,fAbfMD5oxK,MS_342,MS_342_POD_45,1.0
24572853,T_10935967544,S_70965305,0.6.1.33518431.3.1.1.338102110.2,MS_10327,MS_10327_POD_25,mc,fAbfMD5oxK,MS_342,MS_342_POD_59,0.0
24547196,T_10054618303,S_70965305,0.6.1.336021954.1.1.1,MS_10327,MS_10327_POD_39,mc,ib94HsZbgs,MS_342,MS_342_POD_41,1.0
24649404,T_9850574917,S_70965305,0.6.1.334195122.3.1,MS_10327,MS_10327_POD_41,mq,9fVyV2v7r0,MS_36814,MS_36814_POD_27,1.0
24572736,T_10935967544,S_70965305,0.6.1.33518431.3.1.1.338102110.1,MS_10327,MS_10327_POD_25,mc,ib94HsZbgs,MS_342,MS_342_POD_59,1.0
25417363,T_10722357524,S_54987164,0.1.1.1.335136255,MS_10365,MS_10365_POD_3,mq,BXEq49lMLN,MS_52497,MS_52497_POD_16,13.0
24507782,T_24668799605,S_54987164,0.1.1.1.33421519,MS_10365,MS_10365_POD_21,mq,BXEq49lMLN,MS_52497,MS_52497_POD_0,3.0
24492417,T_23442528184,S_54987164,0.1.1.1.33438721,MS_10365,MS_10365_POD_11,mq,BXEq49lMLN,MS_52497,MS_52497_POD_1,13.0
25457205,T_4250741062,S_54987164,0.1.2.1.336161201,MS_10365,MS_10365_POD_2,mq,UV26EOMhcC,MS_52497,MS_52497_POD_8,7.0
24528150,T_11232344160,S_54987164,0.1.1.1.3343244176,MS_10365,MS_10365_POD_0,mq,BXEq49lMLN,MS_52497,MS_52497_POD_13,14.0
24629339,T_453041185,S_121877060,0.1.2.2,MS_10370,MS_10370_POD_6,db,1trgVgIpHI:TDDL_QUERY,MS_46609,MS_46609_POD_0,1.0
25463090,T_20481060935,S_121877060,0.1.2.13,MS_10370,MS_10370_POD_0,rpc,YQw19Fslf0,MS_22856,MS_22856_POD_19,4.0
21888692,T_24365148292,S_68583475,0.1.2.5,MS_10370,MS_10370_POD_22,db,6p6Hz_bAAt:TDDL_QUERY,MS_46609,MS_46609_POD_0,1.0
21888676,T_24365148292,S_68583475,0.1.1,MS_10370,MS_10370_POD_22,mc,7aJ_JD61MG,MS_2827,MS_2827_POD_101,1.0
24636002,T_24704976463,S_94327164,0.1.1.3.2.8,MS_10370,MS_10370_POD_13,db,7LLne9ardo:TDDL_QUERY,MS_46609,MS_46609_POD_2,1.0
25462919,T_20481060935,S_121877060,0.1.2.4,MS_10370,MS_10370_POD_0,db,6p6Hz_bAAt:TDDL_QUERY,MS_46609,MS_46609_POD_0,0.0
24629340,T_453041185,S_121877060,0.1.2.4,MS_10370,MS_10370_POD_6,db,6p6Hz_bAAt:TDDL_QUERY,MS_46609,MS_46609_POD_0,1.0
24629579,T_453041185,S_121877060,0.1.2.12,MS_10370,MS_10370_POD_6,db,cMF3Kp7V8W:TDDL_UPDATE,MS_46609,MS_46609_POD_1,2.0
24629337,T_453041185,S_121877060,0.1.1,MS_10370,MS_10370_POD_6,mc,7aJ_JD61MG,MS_2827,MS_2827_POD_32,1.0
25463094,T_20481060935,S_121877060,0.1.2.14,MS_10370,MS_10370_POD_0,rpc,Z2ujKPpx11,MS_70488,MS_70488_POD_19,5.0
25463088,T_20481060935,S_121877060,0.1.2.12,MS_10370,MS_10370_POD_0,db,cMF3Kp7V8W:TDDL_UPDATE,MS_46609,MS_46609_POD_3,2.0
25462918,T_20481060935,S_121877060,0.1.2.2,MS_10370,MS_10370_POD_0,db,1trgVgIpHI:TDDL_QUERY,MS_46609,MS_46609_POD_0,1.0
25504934,T_2542771921,S_121877060,0.1.2.10.26.2,MS_10370,MS_10370_POD_29,db,cMF3Kp7V8W:TDDL_QUERY,MS_46609,MS_46609_POD_7,1.0
24636001,T_24704976463,S_94327164,0.1.1.3.2.6,MS_10370,MS_10370_POD_13,db,7LLne9ardo:TDDL_QUERY,MS_46609,MS_46609_POD_2,1.0
25504901,T_2542771921,S_121877060,0.1.2.7,MS_10370,MS_10370_POD_25,db,cMF3Kp7V8W:TDDL_QUERY,MS_46609,MS_46609_POD_7,1.0
25504960,T_2542771921,S_121877060,0.1.2.12,MS_10370,MS_10370_POD_25,db,cMF3Kp7V8W:TDDL_UPDATE,MS_46609,MS_46609_POD_7,3.0
25504905,T_2542771921,S_121877060,0.1.2.10,MS_10370,MS_10370_POD_25,rpc,D2CeeQEo40,MS_70488,MS_70488_POD_3,55.0
25504963,T_2542771921,S_121877060,0.1.2.13,MS_10370,MS_10370_POD_25,rpc,YQw19Fslf0,MS_22856,MS_22856_POD_30,4.0
25504902,T_2542771921,S_121877060,0.1.2.9,MS_10370,MS_10370_POD_25,db,cMF3Kp7V8W:TDDL_INSERT,MS_46609,MS_46609_POD_7,3.0
25384925,T_4632436867,S_47031288,0.1.2.4,MS_10370,MS_10370_POD_21,rpc,1BdBUWrgB_,MS_70488,MS_70488_POD_20,30.0
25384926,T_4632436867,S_47031288,0.1.2.4,MS_10370,MS_10370_POD_21,rpc,1BdBUWrgB_,MS_70488,MS_70488_POD_20,28.0
21888738,T_24365148292,S_68583475,0.1.2.17,MS_10370,MS_10370_POD_22,db,1trgVgIpHI:TDDL_QUERY,MS_46609,MS_46609_POD_0,1.0
25384894,T_4632436867,S_47031288,0.1.2.2,MS_10370,MS_10370_POD_21,db,6p6Hz_bAAt:TDDL_QUERY,MS_46609,MS_46609_POD_0,12.0
21888736,T_24365148292,S_68583475,0.1.2.15,MS_10370,MS_10370_POD_22,db,1trgVgIpHI:TDDL_QUERY,MS_46609,MS_46609_POD_0,1.0
24629338,T_453041185,S_121877060,0.1.2,MS_10370,MS_10370_POD_6,rpc,9MAoh4nXIX,MS_10370,MS_10370_POD_6,254.0
24629346,T_453041185,S_121877060,0.1.2.7,MS_10370,MS_10370_POD_6,db,cMF3Kp7V8W:TDDL_QUERY,MS_46609,MS_46609_POD_1,0.0
25462925,T_20481060935,S_121877060,0.1.2.7,MS_10370,MS_10370_POD_0,db,cMF3Kp7V8W:TDDL_QUERY,MS_46609,MS_46609_POD_3,0.0
24636004,T_24704976463,S_94327164,0.1.1.3.2.12,MS_10370,MS_10370_POD_13,db,7LLne9ardo:TDDL_INSERT,MS_46609,MS_46609_POD_2,2.0
25462926,T_20481060935,S_121877060,0.1.2.9,MS_10370,MS_10370_POD_0,db,cMF3Kp7V8W:TDDL_INSERT,MS_46609,MS_46609_POD_3,2.0
25462956,T_20481060935,S_121877060,0.1.2.10.26.2,MS_10370,MS_10370_POD_28,db,cMF3Kp7V8W:TDDL_QUERY,MS_46609,MS_46609_POD_3,1.0
25418262,T_2696293808,S_121877060,0.1.2.9,MS_10370,MS_10370_POD_20,db,cMF3Kp7V8W:TDDL_INSERT,MS_46609,MS_46609_POD_3,2.0
25463093,T_20481060935,S_121877060,0.1.2.14,MS_10370,MS_10370_POD_0,rpc,Z2ujKPpx11,MS_70488,MS_70488_POD_19,4.0
25504967,T_2542771921,S_121877060,0.1.2.14,MS_10370,MS_10370_POD_25,rpc,Z2ujKPpx11,MS_70488,MS_70488_POD_22,4.0
25462920,T_20481060935,S_121877060,0.1.2.5,MS_10370,MS_10370_POD_0,rpc,Z2ujKPpx11,MS_70488,MS_70488_POD_11,4.0
24629341,T_453041185,S_121877060,0.1.2.5,MS_10370,MS_10370_POD_6,rpc,Z2ujKPpx11,MS_70488,MS_70488_POD_20,4.0
24629783,T_453041185,S_121877060,0.1.2.10.44.1.33492107.4,MS_10370,MS_10370_POD_19,db,7LLne9ardo:TDDL_QUERY,MS_46609,MS_46609_POD_1,1.0
24629785,T_453041185,S_121877060,0.1.2.10.44.1.33492107.6,MS_10370,MS_10370_POD_19,mc,QQIbkypwXL,MS_37691,MS_37691_POD_1864,0.0
25504897,T_2542771921,S_121877060,0.1.2.5,MS_10370,MS_10370_POD_25,rpc,Z2ujKPpx11,MS_70488,MS_70488_POD_4,3.0
24629784,T_453041185,S_121877060,0.1.2.10.44.1.33492107.5,MS_10370,MS_10370_POD_19,mc,AjzqjAEAOh,MS_37691,MS_37691_POD_1864,1.0
25466780,T_5698443761,S_47031288,0.1.1,MS_10370,MS_10370_POD_29,mc,7aJ_JD61MG,MS_2827,MS_2827_POD_57,1.0
25466794,T_5698443761,S_47031288,0.1.2.3,MS_10370,MS_10370_POD_29,rpc,N9a5pGTNj8,MS_70488,MS_70488_POD_21,16.0
25504897,T_2542771921,S_121877060,0.1.2.5,MS_10370,MS_10370_POD_25,rpc,Z2ujKPpx11,MS_70488,MS_70488_POD_4,3.0
24629780,T_453041185,S_121877060,0.1.2.10.44.1.33492107.2,MS_10370,MS_10370_POD_19,db,7LLne9ardo:TDDL_UPDATE,MS_46609,MS_46609_POD_1,3.0
24629347,T_453041185,S_121877060,0.1.2.9,MS_10370,MS_10370_POD_6,db,cMF3Kp7V8W:TDDL_INSERT,MS_46609,MS_46609_POD_1,2.0
24629341,T_453041185,S_121877060,0.1.2.5,MS_10370,MS_10370_POD_6,rpc,Z2ujKPpx11,MS_70488,MS_70488_POD_20,4.0
24629349,T_453041185,S_121877060,0.1.2.10,MS_10370,MS_10370_POD_6,rpc,D2CeeQEo40,MS_70488,MS_70488_POD_2,228.0
24636234,T_24704976463,S_94327164,0.1.1.3.2.13.40.1.3362306.4,MS_10370,MS_10370_POD_17,db,7LLne9ardo:TDDL_QUERY,MS_46609,MS_46609_POD_2,1.0
24636231,T_24704976463,S_94327164,0.1.1.3.2.13.40.1.3362306.2,MS_10370,MS_10370_POD_17,db,7LLne9ardo:TDDL_UPDATE,MS_46609,MS_46609_POD_2,3.0
25462917,T_20481060935,S_121877060,0.1.1,MS_10370,MS_10370_POD_0,mc,7aJ_JD61MG,MS_2827,MS_2827_POD_164,0.0
24636235,T_24704976463,S_94327164,0.1.1.3.2.13.40.1.3362306.6,MS_10370,MS_10370_POD_17,mc,QQIbkypwXL,MS_37691,MS_37691_POD_1864,1.0
25418335,T_2696293808,S_121877060,0.1.2.12,MS_10370,MS_10370_POD_20,db,cMF3Kp7V8W:TDDL_UPDATE,MS_46609,MS_46609_POD_3,2.0
21888727,T_24365148292,S_68583475,0.1.2.13,MS_10370,MS_10370_POD_22,db,cMF3Kp7V8W:TDDL_QUERY,MS_46609,MS_46609_POD_3,5.0
24629581,T_453041185,S_121877060,0.1.2.13,MS_10370,MS_10370_POD_6,rpc,YQw19Fslf0,MS_22856,MS_22856_POD_24,4.0
25466781,T_5698443761,S_47031288,0.1.2,MS_10370,MS_10370_POD_29,rpc,FdUaQo59NI,MS_10370,MS_10370_POD_29,82.0
24629585,T_453041185,S_121877060,0.1.2.14,MS_10370,MS_10370_POD_6,rpc,Z2ujKPpx11,MS_70488,MS_70488_POD_9,4.0
24629586,T_453041185,S_121877060,0.1.2.14,MS_10370,MS_10370_POD_6,rpc,Z2ujKPpx11,MS_70488,MS_70488_POD_9,5.0
25466782,T_5698443761,S_47031288,0.1.2.2,MS_10370,MS_10370_POD_29,db,6p6Hz_bAAt:TDDL_QUERY,MS_46609,MS_46609_POD_0,10.0
25466810,T_5698443761,S_47031288,0.1.2.4,MS_10370,MS_10370_POD_29,rpc,1BdBUWrgB_,MS_70488,MS_70488_POD_16,53.0
24636235,T_24704976463,S_94327164,0.1.1.3.2.13.40.1.3362306.5,MS_10370,MS_10370_POD_17,mc,AjzqjAEAOh,MS_37691,MS_37691_POD_1864,0.0
24629349,T_453041185,S_121877060,0.1.2.10,MS_10370,MS_10370_POD_6,rpc,D2CeeQEo40,MS_70488,MS_70488_POD_2,229.0
25504886,T_2542771921,S_121877060,0.1.2.2,MS_10370,MS_10370_POD_25,db,1trgVgIpHI:TDDL_QUERY,MS_46609,MS_46609_POD_0,9.0
21888718,T_24365148292,S_68583475,0.1.2.10,MS_10370,MS_10370_POD_22,db,7LLne9ardo:TDDL_UPDATE,MS_46609,MS_46609_POD_3,3.0
24636003,T_24704976463,S_94327164,0.1.1.3.2.10,MS_10370,MS_10370_POD_13,db,Fwze9Rb1H_:TDDL_QUERY,MS_46609,MS_46609_POD_1,1.0
25466793,T_5698443761,S_47031288,0.1.2.3,MS_10370,MS_10370_POD_29,rpc,N9a5pGTNj8,MS_70488,MS_70488_POD_21,17.0
25507198,T_13625736955,S_68583475,0.1.2.2,MS_10370,MS_10370_POD_29,db,Fwze9Rb1H_:TDDL_QUERY,MS_46609,MS_46609_POD_1,0.0
25507197,T_13625736955,S_68583475,0.1.2,MS_10370,MS_10370_POD_29,rpc,5aUUMNO1NW,MS_10370,MS_10370_POD_29,63.0
25507196,T_13625736955,S_68583475,0.1.1,MS_10370,MS_10370_POD_29,mc,7aJ_JD61MG,MS_2827,MS_2827_POD_141,1.0
25507215,T_13625736955,S_68583475,0.1.2.7,MS_10370,MS_10370_POD_29,db,7LLne9ardo:TDDL_INSERT,MS_46609,MS_46609_POD_0,2.0
25507243,T_13625736955,S_68583475,0.1.2.11,MS_10370,MS_10370_POD_29,rpc,Z2ujKPpx11,MS_70488,MS_70488_POD_22,5.0
25384906,T_4632436867,S_47031288,0.1.2.3,MS_10370,MS_10370_POD_21,rpc,N9a5pGTNj8,MS_70488,MS_70488_POD_0,19.0
21888722,T_24365148292,S_68583475,0.1.2.11,MS_10370,MS_10370_POD_22,rpc,Z2ujKPpx11,MS_70488,MS_70488_POD_22,4.0
24636007,T_24704976463,S_94327164,0.1.1.3.2.13,MS_10370,MS_10370_POD_13,rpc,1sTDJP2TaS,MS_70488,MS_70488_POD_12,189.0
24636007,T_24704976463,S_94327164,0.1.1.3.2.13,MS_10370,MS_10370_POD_13,rpc,1sTDJP2TaS,MS_70488,MS_70488_POD_12,190.0
25507213,T_13625736955,S_68583475,0.1.2.5,MS_10370,MS_10370_POD_29,db,6p6Hz_bAAt:TDDL_QUERY,MS_46609,MS_46609_POD_0,1.0
25507248,T_13625736955,S_68583475,0.1.2.13,MS_10370,MS_10370_POD_29,db,cMF3Kp7V8W:TDDL_QUERY,MS_46609,MS_46609_POD_0,4.0
25507240,T_13625736955,S_68583475,0.1.2.10,MS_10370,MS_10370_POD_29,db,7LLne9ardo:TDDL_UPDATE,MS_46609,MS_46609_POD_0,3.0
25507257,T_13625736955,S_68583475,0.1.2.17,MS_10370,MS_10370_POD_29,db,1trgVgIpHI:TDDL_QUERY,MS_46609,MS_46609_POD_0,1.0
25507256,T_13625736955,S_68583475,0.1.2.15,MS_10370,MS_10370_POD_29,db,1trgVgIpHI:TDDL_QUERY,MS_46609,MS_46609_POD_0,1.0
25507217,T_13625736955,S_68583475,0.1.2.8,MS_10370,MS_10370_POD_29,rpc,N9a5pGTNj8,MS_70488,MS_70488_POD_10,22.0
25418255,T_2696293808,S_121877060,0.1.2.4,MS_10370,MS_10370_POD_20,db,6p6Hz_bAAt:TDDL_QUERY,MS_46609,MS_46609_POD_0,0.0
21888721,T_24365148292,S_68583475,0.1.2.11,MS_10370,MS_10370_POD_22,rpc,Z2ujKPpx11,MS_70488,MS_70488_POD_22,5.0
25418254,T_2696293808,S_121877060,0.1.2.2,MS_10370,MS_10370_POD_20,db,1trgVgIpHI:TDDL_QUERY,MS_46609,MS_46609_POD_0,0.0
25418253,T_2696293808,S_121877060,0.1.1,MS_10370,MS_10370_POD_20,mc,7aJ_JD61MG,MS_2827,MS_2827_POD_49,0.0
25418338,T_2696293808,S_121877060,0.1.2.13,MS_10370,MS_10370_POD_20,rpc,YQw19Fslf0,MS_22856,MS_22856_POD_27,6.0
24635998,T_24704976463,S_94327164,0.1.1.3.2.2,MS_10370,MS_10370_POD_13,db,6p6Hz_bAAt:TDDL_QUERY,MS_46609,MS_46609_POD_0,1.0
24636000,T_24704976463,S_94327164,0.1.1.3.2.4,MS_10370,MS_10370_POD_13,db,6p6Hz_bAAt:TDDL_QUERY,MS_46609,MS_46609_POD_0,0.0
21888680,T_24365148292,S_68583475,0.1.2.3,MS_10370,MS_10370_POD_22,rpc,wQhDTbJ1o-,MS_36144,MS_36144_POD_24,11.0
21888677,T_24365148292,S_68583475,0.1.2,MS_10370,MS_10370_POD_22,rpc,5aUUMNO1NW,MS_10370,MS_10370_POD_22,63.0
21888682,T_24365148292,S_68583475,0.1.2.3,MS_10370,MS_10370_POD_22,rpc,wQhDTbJ1o-,MS_36144,MS_36144_POD_24,10.0
25418253,T_2696293808,S_121877060,0.1.2,MS_10370,MS_10370_POD_20,rpc,9MAoh4nXIX,MS_10370,MS_10370_POD_20,96.0
25418255,T_2696293808,S_121877060,0.1.2.5,MS_10370,MS_10370_POD_20,rpc,Z2ujKPpx11,MS_70488,MS_70488_POD_1,5.0
25418255,T_2696293808,S_121877060,0.1.2.5,MS_10370,MS_10370_POD_20,rpc,Z2ujKPpx11,MS_70488,MS_70488_POD_1,4.0
25418344,T_2696293808,S_121877060,0.1.2.14,MS_10370,MS_10370_POD_20,rpc,Z2ujKPpx11,MS_70488,MS_70488_POD_12,4.0
25418261,T_2696293808,S_121877060,0.1.2.7,MS_10370,MS_10370_POD_20,db,cMF3Kp7V8W:TDDL_QUERY,MS_46609,MS_46609_POD_3,0.0
25418264,T_2696293808,S_121877060,0.1.2.10,MS_10370,MS_10370_POD_20,rpc,D2CeeQEo40,MS_70488,MS_70488_POD_15,69.0
21888697,T_24365148292,S_68583475,0.1.2.8,MS_10370,MS_10370_POD_22,rpc,N9a5pGTNj8,MS_70488,MS_70488_POD_2,20.0
24629401,T_453041185,S_121877060,0.1.2.10.33.2,MS_10370,MS_10370_POD_4,db,cMF3Kp7V8W:TDDL_QUERY,MS_46609,MS_46609_POD_1,1.0
21888679,T_24365148292,S_68583475,0.1.2.2,MS_10370,MS_10370_POD_22,db,Fwze9Rb1H_:TDDL_QUERY,MS_46609,MS_46609_POD_1,0.0
25504886,T_2542771921,S_121877060,0.1.2,MS_10370,MS_10370_POD_25,rpc,9MAoh4nXIX,MS_10370,MS_10370_POD_25,86.0
25418298,T_2696293808,S_121877060,0.1.2.10.33.2,MS_10370,MS_10370_POD_20,db,cMF3Kp7V8W:TDDL_QUERY,MS_46609,MS_46609_POD_3,0.0
21888694,T_24365148292,S_68583475,0.1.2.7,MS_10370,MS_10370_POD_22,db,7LLne9ardo:TDDL_INSERT,MS_46609,MS_46609_POD_3,2.0
25504896,T_2542771921,S_121877060,0.1.2.4,MS_10370,MS_10370_POD_25,db,6p6Hz_bAAt:TDDL_QUERY,MS_46609,MS_46609_POD_0,0.0
25384907,T_4632436867,S_47031288,0.1.2.3,MS_10370,MS_10370_POD_21,rpc,N9a5pGTNj8,MS_70488,MS_70488_POD_0,17.0
25418264,T_2696293808,S_121877060,0.1.2.10,MS_10370,MS_10370_POD_20,rpc,D2CeeQEo40,MS_70488,MS_70488_POD_15,70.0
25504884,T_2542771921,S_121877060,0.1.1,MS_10370,MS_10370_POD_25,mc,7aJ_JD61MG,MS_2827,MS_2827_POD_130,1.0
21888697,T_24365148292,S_68583475,0.1.2.8,MS_10370,MS_10370_POD_22,rpc,N9a5pGTNj8,MS_70488,MS_70488_POD_2,20.0
25462928,T_20481060935,S_121877060,0.1.2.10,MS_10370,MS_10370_POD_0,rpc,D2CeeQEo40,MS_70488,MS_70488_POD_16,159.0
25507198,T_13625736955,S_68583475,0.1.2.3,MS_10370,MS_10370_POD_29,rpc,wQhDTbJ1o-,MS_36144,MS_36144_POD_377,15.0
25384893,T_4632436867,S_47031288,0.1.2,MS_10370,MS_10370_POD_21,rpc,FdUaQo59NI,MS_10370,MS_10370_POD_21,62.0
25462918,T_20481060935,S_121877060,0.1.2,MS_10370,MS_10370_POD_0,rpc,9MAoh4nXIX,MS_10370,MS_10370_POD_0,181.0
25384892,T_4632436867,S_47031288,0.1.1,MS_10370,MS_10370_POD_21,mc,7aJ_JD61MG,MS_2827,MS_2827_POD_35,1.0
25507200,T_13625736955,S_68583475,0.1.2.3,MS_10370,MS_10370_POD_29,rpc,wQhDTbJ1o-,MS_36144,MS_36144_POD_377,12.0
25395297,T_23723454914,S_124851369,0.1.1.1,MS_10434,MS_10434_POD_68,mc,_gDUl4iCmk,MS_46429,MS_46429_POD_48,0.0
24574787,T_11882065500,S_117673669,0.1.1.1,MS_10434,MS_10434_POD_89,mc,_gDUl4iCmk,MS_46429,MS_46429_POD_48,0.0
25395299,T_23723454914,S_124851369,0.1.1.3,MS_10434,MS_10434_POD_68,rpc,h-EdkuNi9Q,MS_24555,MS_24555_POD_25,51.0
24574788,T_11882065500,S_117673669,0.1.1.2,MS_10434,MS_10434_POD_89,rpc,P4zR_4XWLF,MS_24555,MS_24555_POD_17,11.0
24574787,T_11882065500,S_117673669,0.1.1.2,MS_10434,MS_10434_POD_89,rpc,P4zR_4XWLF,MS_24555,MS_24555_POD_17,13.0
25394505,T_7611790077,S_117673669,0.1.1.2,MS_10434,MS_10434_POD_86,rpc,P4zR_4XWLF,MS_24555,MS_24555_POD_22,11.0
24497372,T_18862729059,S_117673669,0.1.1.1,MS_10434,MS_10434_POD_68,rpc,P4zR_4XWLF,MS_24555,MS_24555_POD_0,11.0
25516290,T_5689404333,S_124851369,0.1.1.2,MS_10434,MS_10434_POD_51,rpc,h-EdkuNi9Q,MS_24555,MS_24555_POD_64,124.0
25395298,T_23723454914,S_124851369,0.1.1.2,MS_10434,MS_10434_POD_68,mc,_gDUl4iCmk,MS_46429,MS_46429_POD_31,0.0
25516289,T_5689404333,S_124851369,0.1.1.2,MS_10434,MS_10434_POD_51,rpc,h-EdkuNi9Q,MS_24555,MS_24555_POD_64,126.0
25394504,T_7611790077,S_117673669,0.1.1.1,MS_10434,MS_10434_POD_86,mc,_gDUl4iCmk,MS_46429,MS_46429_POD_2,1.0
25394505,T_7611790077,S_117673669,0.1.1.2,MS_10434,MS_10434_POD_86,rpc,P4zR_4XWLF,MS_24555,MS_24555_POD_22,11.0
25395298,T_23723454914,S_124851369,0.1.1.3,MS_10434,MS_10434_POD_68,rpc,h-EdkuNi9Q,MS_24555,MS_24555_POD_25,52.0
24497371,T_18862729059,S_117673669,0.1.1.1,MS_10434,MS_10434_POD_68,rpc,P4zR_4XWLF,MS_24555,MS_24555_POD_0,12.0
25516287,T_5689404333,S_124851369,0.1.1.1,MS_10434,MS_10434_POD_51,mc,_gDUl4iCmk,MS_46429,MS_46429_POD_28,2.0
25399230,T_2507392711,S_48700431,0.1.1.1.1.7.1,MS_10447,MS_10447_POD_54,rpc,heSs9YqFZo,MS_1308,MS_1308_POD_40,3.0
24544410,T_11859459647,S_124860850,0.1.1.8.1,MS_10447,MS_10447_POD_42,rpc,njjBrRCJLW,MS_26818,MS_26818_POD_35,2.0
24544411,T_11859459647,S_124860850,0.1.1.8.1,MS_10447,MS_10447_POD_42,rpc,njjBrRCJLW,MS_26818,MS_26818_POD_35,1.0
25520491,T_146391901,S_112875915,0.4.6.14.1.33150216.1,MS_10621,MS_10621_POD_3,mc,yDO0DcM8Bi,MS_28427,MS_28427_POD_27,0.0
25546722,T_22449908296,S_112875915,0.3.5.14.1.33166101.1,MS_10621,MS_10621_POD_1,mc,yDO0DcM8Bi,MS_28427,MS_28427_POD_22,1.0
25520491,T_146391901,S_112875915,0.4.6.14.1.33150216.2,MS_10621,MS_10621_POD_3,mc,yDO0DcM8Bi,MS_28427,MS_28427_POD_14,1.0
24548011,T_15659215960,S_112875915,0.3.4.14.1.33166101.2,MS_10621,MS_10621_POD_1,mc,yDO0DcM8Bi,MS_28427,MS_28427_POD_1,1.0
25546723,T_22449908296,S_112875915,0.3.5.14.1.33166101.2,MS_10621,MS_10621_POD_1,mc,yDO0DcM8Bi,MS_28427,MS_28427_POD_35,1.0
24548010,T_15659215960,S_112875915,0.3.4.14.1.33166101.1,MS_10621,MS_10621_POD_1,mc,yDO0DcM8Bi,MS_28427,MS_28427_POD_22,1.0
25500209,T_10350724988,S_125945044,0.23.1.33422076.11.1.334344179.13.1.334102125,MS_10689,MS_10689_POD_15,mq,h3uzb_SMKd,MS_5698,MS_5698_POD_38,8.0
25500209,T_10350724988,S_125945044,0.23.1.33422076.11.1.334344179.10.1.334102125,MS_10689,MS_10689_POD_15,mq,h3uzb_SMKd,MS_5698,MS_5698_POD_38,3.0
24621917,T_5159086590,S_53192285,0.1.32.1.334245191.11.1.33411833.13.1.33433299,MS_10689,MS_10689_POD_8,mq,h3uzb_SMKd,MS_5698,MS_5698_POD_12,7.0
24621916,T_5159086590,S_53192285,0.1.32.1.334245191.11.1.33411833.10.1.33433299,MS_10689,MS_10689_POD_8,mq,h3uzb_SMKd,MS_5698,MS_5698_POD_12,4.0
24640052,T_19460401359,S_81753045,0.1.1.1,MS_1070,MS_1070_POD_3,rpc,byQ-cCh4wo,MS_12118,MS_12118_POD_1,1.0
24640154,T_19460401359,S_81753045,0.1.1.2,MS_1070,MS_1070_POD_3,rpc,Zk0Q-TLZXT,MS_15279,MS_15279_POD_79,33.0
24640189,T_19460401359,S_81753045,0.1.1.3,MS_1070,MS_1070_POD_3,mq,30jPJZ1LNL,MS_29929,MS_29929_POD_36,1.0
21854425,T_2789445642,S_81753045,0.1.1.1,MS_1070,MS_1070_POD_6,rpc,sAoDx7vlK9,MS_43196,MS_43196_POD_6,1.0
21854425,T_2789445642,S_81753045,0.1.1.1,MS_1070,MS_1070_POD_6,rpc,sAoDx7vlK9,MS_43196,MS_43196_POD_6,2.0
21854428,T_2789445642,S_81753045,0.1.1.2,MS_1070,MS_1070_POD_6,rpc,sAoDx7vlK9,MS_43196,MS_43196_POD_7,2.0
21854429,T_2789445642,S_81753045,0.1.1.2,MS_1070,MS_1070_POD_6,rpc,sAoDx7vlK9,MS_43196,MS_43196_POD_7,1.0
24640155,T_19460401359,S_81753045,0.1.1.2,MS_1070,MS_1070_POD_3,rpc,Zk0Q-TLZXT,MS_15279,MS_15279_POD_79,31.0
21854437,T_2789445642,S_81753045,0.1.1.4,MS_1070,MS_1070_POD_6,rpc,qBSWWDuc0M,MS_43196,MS_43196_POD_13,9.0
24640192,T_19460401359,S_81753045,0.1.1.5,MS_1070,MS_1070_POD_3,mq,9Hw1Cy0CFG,MS_51913,MS_51913_POD_7,1.0
21854439,T_2789445642,S_81753045,0.1.1.4,MS_1070,MS_1070_POD_6,rpc,qBSWWDuc0M,MS_43196,MS_43196_POD_13,7.0
24640155,T_19460401359,S_81753045,0.1.1.2,MS_1070,MS_1070_POD_3,rpc,Zk0Q-TLZXT,MS_15279,MS_15279_POD_79,31.0
21854435,T_2789445642,S_81753045,0.1.1.3,MS_1070,MS_1070_POD_6,rpc,byQ-cCh4wo,MS_12118,MS_12118_POD_0,2.0
21854425,T_2789445642,S_81753045,0.1.1,MS_1070,MS_1070_POD_6,rpc,dKk_TWleIn,MS_1070,MS_1070_POD_6,22.0
21854436,T_2789445642,S_81753045,0.1.1.3,MS_1070,MS_1070_POD_6,rpc,byQ-cCh4wo,MS_12118,MS_12118_POD_0,0.0
24640053,T_19460401359,S_81753045,0.1.1.1,MS_1070,MS_1070_POD_3,rpc,byQ-cCh4wo,MS_12118,MS_12118_POD_1,0.0
24640051,T_19460401359,S_81753045,0.1.1,MS_1070,MS_1070_POD_3,rpc,dKk_TWleIn,MS_1070,MS_1070_POD_3,322.0
24640197,T_19460401359,S_81753045,0.1.1.6,MS_1070,MS_1070_POD_3,rpc,sLCMl4G8Ga,MS_43196,MS_43196_POD_19,1.0
24640197,T_19460401359,S_81753045,0.1.1.6,MS_1070,MS_1070_POD_3,rpc,sLCMl4G8Ga,MS_43196,MS_43196_POD_19,1.0
24640190,T_19460401359,S_81753045,0.1.1.4,MS_1070,MS_1070_POD_3,mq,Xyq99DUAur,MS_51944,MS_51944_POD_14,2.0
24638141,T_17473220970,S_3607671,0.1.1.1.1.1.338117118.10.1.1.3363140120.1,MS_10758,MS_10758_POD_0,mq,Qn_F3ATJPK,MS_29641,MS_29641_POD_13,1.0
24525734,T_16122378313,S_114078072,0.1.2.1.3360195139.2,MS_1076,MS_1076_POD_1,mc,Jb1boeeFQi,MS_37691,MS_37691_POD_6390,1.0
24525733,T_16122378313,S_114078072,0.1.2.1.3360195139.1,MS_1076,MS_1076_POD_1,mc,WSs_jIKr_3,MS_37691,MS_37691_POD_6390,1.0
24525736,T_16122378313,S_114078072,0.1.2.1.3360195139.4,MS_1076,MS_1076_POD_1,mc,OExe7D8Rkd,MS_37691,MS_37691_POD_6390,1.0
24525737,T_16122378313,S_114078072,0.1.2.1.3360195139.5,MS_1076,MS_1076_POD_1,mc,cr5pT7H-2s,MS_37691,MS_37691_POD_6390,0.0
24525735,T_16122378313,S_114078072,0.1.2.1.3360195139.3,MS_1076,MS_1076_POD_1,mc,HDh7ud_Si9,MS_62968,MS_62968_POD_38,1.0
25416336,T_20784107282,S_66662350,0.1.1.1.1,MS_10778,MS_10778_POD_0,rpc,O8tUw7hP0z,MS_25106,MS_25106_POD_0,0.0
25416336,T_20784107282,S_66662350,0.1.1.1.2,MS_10778,MS_10778_POD_0,rpc,K_e4epqulF,MS_53238,MS_53238_POD_0,5.0
25416337,T_20784107282,S_66662350,0.1.1.1.2,MS_10778,MS_10778_POD_0,rpc,K_e4epqulF,MS_53238,MS_53238_POD_0,3.0
25416334,T_20784107282,S_66662350,0.1.1.1.1,MS_10778,MS_10778_POD_0,rpc,O8tUw7hP0z,MS_25106,MS_25106_POD_0,2.0
24522666,T_16556537641,S_111089615,0.1.1.2.3.2.15.1.3385250,MS_10797,MS_10797_POD_38,mq,7g0PONu7So,MS_9911,MS_9911_POD_0,1.0
21880256,T_16345610485,S_162519946,0.5.1.336179174.6.7.1.3343132148,MS_108,MS_108_POD_10,mq,p27kn-_tnS,MS_1149,MS_1149_POD_2,0.0
21895259,T_14346960690,S_162519946,0.5.1.334234187.6.7.1.336012593,MS_108,MS_108_POD_11,mq,p27kn-_tnS,MS_1149,MS_1149_POD_0,0.0
21918620,T_7406643747,S_162519946,0.5.1.33541316.6.7.1.335420216,MS_108,MS_108_POD_4,mq,p27kn-_tnS,MS_1149,MS_1149_POD_1,0.0
21841531,T_23273081357,S_162519946,0.5.1.3342149204.6.7.1.3343132148,MS_108,MS_108_POD_3,mq,p27kn-_tnS,MS_1149,MS_1149_POD_2,0.0
21918292,T_25099528129,S_162519946,0.5.1.33489142.6.7.1.336012593,MS_108,MS_108_POD_17,mq,p27kn-_tnS,MS_1149,MS_1149_POD_0,0.0
21829353,T_5783845325,S_162519946,0.5.1.334311527.6.7.1.335420216,MS_108,MS_108_POD_4,mq,p27kn-_tnS,MS_1149,MS_1149_POD_1,1.0
24492002,T_7031663527,S_162519946,0.5.1.33415123.6.7.1.3343132148,MS_108,MS_108_POD_10,mq,p27kn-_tnS,MS_1149,MS_1149_POD_2,0.0
21907229,T_7668016571,S_162519946,0.5.1.333923075.6.7.1.3342137112,MS_108,MS_108_POD_19,mq,p27kn-_tnS,MS_1149,MS_1149_POD_5,0.0
21944587,T_20820192670,S_162519946,0.5.1.3343114109.6.7.1.335420216,MS_108,MS_108_POD_4,mq,p27kn-_tnS,MS_1149,MS_1149_POD_1,0.0
24636988,T_19989242216,S_162519946,0.5.1.333242205.6.7.1.3343132148,MS_108,MS_108_POD_16,mq,p27kn-_tnS,MS_1149,MS_1149_POD_2,0.0
21897776,T_17230836799,S_162519946,0.5.1.336010694.6.7.1.3342137112,MS_108,MS_108_POD_14,mq,p27kn-_tnS,MS_1149,MS_1149_POD_5,0.0
21956441,T_18953269864,S_162519946,0.5.1.3353215163.6.7.1.33542715,MS_108,MS_108_POD_23,mq,p27kn-_tnS,MS_1149,MS_1149_POD_3,1.0
25459879,T_10586869677,S_162519946,0.5.1.334311527.6.7.1.336012593,MS_108,MS_108_POD_11,mq,p27kn-_tnS,MS_1149,MS_1149_POD_0,0.0
24612707,T_18342651345,S_108663308,0.30.3.6,MS_10916,MS_10916_POD_39,db,DiW8I-UU1c:TDDL_QUERY,MS_4679,MS_4679_POD_240,1.0
24612705,T_18342651345,S_108663308,0.30.3.2,MS_10916,MS_10916_POD_39,db,u9VrF5bKkf:TDDL_KV_MGET,MS_4679,MS_4679_POD_240,1.0
24612704,T_18342651345,S_108663308,0.30.3.1,MS_10916,MS_10916_POD_39,mc,V7k4znjwhj,MS_55085,MS_55085_POD_440,1.0
24612707,T_18342651345,S_108663308,0.30.3.4,MS_10916,MS_10916_POD_39,mc,27LLHBLtvK,MS_46825,MS_46825_POD_693,0.0
24612706,T_18342651345,S_108663308,0.30.3.3,MS_10916,MS_10916_POD_39,mc,0REcWWf5yJ,MS_46825,MS_46825_POD_100,0.0
24525841,T_24235472631,S_154796924,0.1.1.19.1.33123760.1.1.33136114,MS_10926,MS_10926_POD_7,mq,laFb5BHUzn,MS_50209,MS_50209_POD_0,1.0
25411993,T_14600277165,S_48700431,0.1.1.1.1.2.1.1,MS_11010,MS_11010_POD_14,rpc,VPhSY0U_uu,MS_56138,MS_56138_POD_43,2.0
25516560,T_106117061,S_85939880,0.1.1.1.2.1.1,MS_11010,MS_11010_POD_14,rpc,VPhSY0U_uu,MS_56138,MS_56138_POD_52,1.0
24647056,T_17438760632,S_149998854,0.9.1.338091188,MS_11026,MS_11026_POD_30,mq,XZR62yBqmQ,MS_58436,MS_58436_POD_68,1.0
24647056,T_17438760632,S_149998854,0.9.1.3380108126,MS_11026,MS_11026_POD_30,mq,35QeBb6azw,MS_55394,MS_55394_POD_90,5.0
24647056,T_17438760632,S_36840482,0.9.1.3357429,MS_11026,MS_11026_POD_30,mq,yFOAWKE1IC,MS_28585,MS_28585_POD_2,1.0
24647056,T_17438760632,S_149998854,0.9.1.3357429,MS_11026,MS_11026_POD_30,mq,yFOAWKE1IC,MS_28585,MS_28585_POD_2,1.0
24647056,T_17438760632,S_36840482,0.9.1.3380108126,MS_11026,MS_11026_POD_30,mq,35QeBb6azw,MS_55394,MS_55394_POD_90,5.0
24647056,T_17438760632,S_36840482,0.9.1.338010292,MS_11026,MS_11026_POD_30,mq,RouYpw_dvm,MS_3289,MS_3289_POD_177,1.0
24647056,T_17438760632,S_36840482,0.9.1.338091188,MS_11026,MS_11026_POD_30,mq,XZR62yBqmQ,MS_58436,MS_58436_POD_68,1.0
24647056,T_17438760632,S_149998854,0.9.1.338010292,MS_11026,MS_11026_POD_30,mq,RouYpw_dvm,MS_3289,MS_3289_POD_177,1.0
24575283,T_3610116387,S_67387081,0.1.2.2.1.4.1.1,MS_1106,MS_1106_POD_7,mc,n_AvzjU6Ju,MS_35973,MS_35973_POD_319,1.0
24575284,T_3610116387,S_67387081,0.1.2.2.1.4.3,MS_1106,MS_1106_POD_7,mc,n_AvzjU6Ju,MS_35973,MS_35973_POD_125,0.0
24575284,T_3610116387,S_67387081,0.1.2.2.1.4.2.1,MS_1106,MS_1106_POD_7,mc,n_AvzjU6Ju,MS_35973,MS_35973_POD_123,1.0
24575284,T_3610116387,S_67387081,0.1.2.2.1.4.2.1,MS_1106,MS_1106_POD_7,mc,n_AvzjU6Ju,MS_35973,MS_35973_POD_123,1.0
24575283,T_3610116387,S_67387081,0.1.2.2.1.4.1.1,MS_1106,MS_1106_POD_7,mc,n_AvzjU6Ju,MS_35973,MS_35973_POD_319,1.0
24575284,T_3610116387,S_67387081,0.1.2.2.1.4.3,MS_1106,MS_1106_POD_7,mc,n_AvzjU6Ju,MS_35973,MS_35973_POD_125,0.0
24568329,T_11240036860,S_76120777,0.1.2.6.4,MS_11061,MS_11061_POD_60,rpc,6qGwZWk5tJ,MS_11061,MS_11061_POD_60,4.0
24568226,T_11240036860,S_76120777,0.1.2.6.3,MS_11061,MS_11061_POD_60,rpc,h471lvWXQt,MS_4270,MS_4270_POD_12,103.0
24568220,T_11240036860,S_76120777,0.1.2.6.1,MS_11061,MS_11061_POD_60,mc,MPmrr3xN0P,MS_14304,MS_14304_POD_276,3.0
24568330,T_11240036860,S_76120777,0.1.2.6.4.1,MS_11061,MS_11061_POD_60,rpc,MWChUARgB8,MS_61034,MS_61034_POD_580,3.0
24568330,T_11240036860,S_76120777,0.1.2.6.4.1,MS_11061,MS_11061_POD_60,rpc,MWChUARgB8,MS_61034,MS_61034_POD_580,3.0
24568223,T_11240036860,S_76120777,0.1.2.6.2,MS_11061,MS_11061_POD_60,mc,j7qqfYfxmP,MS_46825,MS_46825_POD_446,3.0
24535067,T_13502883032,S_145788651,0.1,MS_11154,MS_11154_POD_105,rpc,A5rQm0lmwA,MS_36486,MS_36486_POD_173,3.0
24535071,T_13502883032,S_145788651,0.3,MS_11154,MS_11154_POD_105,mq,aFi8kugS_i,MS_65644,MS_65644_POD_39,1.0
24535067,T_13502883032,S_145788651,0.1,MS_11154,MS_11154_POD_105,rpc,A5rQm0lmwA,MS_36486,MS_36486_POD_173,3.0
24535070,T_13502883032,S_145788651,0.2,MS_11154,MS_11154_POD_105,mc,uIXc8cqLY3,MS_19585,MS_19585_POD_312,1.0
